meter,n_records,kwh_mean,kwh_std,kwh_cv,kwh_p95,kwh_max,v_mean,v_std,v_cv,v_min,v_max,v_pct_outside_band,f_mean,f_std,f_min,f_max,f_pct_outside_band,i_mean,i_p95,i_max,v_i_corr,kwh_v_corr,kwh_ramp_mean,kwh_ramp_p95,v_ramp_mean,v_ramp_p95,kmeans_cluster
BR02,7248,0.0950110375275938,0.0794620479944831,0.8363454400906338,0.2376499999999996,0.727,236.81018915562916,52.30723379445497,0.2208825303546344,0.0,316.111,0.3480960264900662,47.15439859271523,10.199785497744992,0.0,50.268,0.1411423841059602,0.9132322019867548,2.373,6.222,0.1584792482427784,0.191053848107734,0.0346693804332827,0.1589999999999999,11.642127639023045,75.91299999999998,0
BR03,6576,0.1311992092457421,0.0943490284473367,0.7191280266835811,0.298,0.363,232.35533865571776,54.59500921951481,0.2349634380486886,0.0,311.057,0.2871046228710462,46.9010326946472,10.714229803247717,0.0,50.269,0.1485705596107056,1.255726125304136,2.798,3.427,0.2564699163470085,0.2739883990954831,0.0207892015209125,0.0829999999999999,12.209765627376424,77.25339999999986,0
BR04,7584,0.2074361814345992,0.1775313101871638,0.8558357995185917,0.51,1.608,238.08627703059076,40.49831804151387,0.1700993377132375,0.0,306.721,0.3238396624472573,48.256667457805904,7.88635739698133,0.0,50.266,0.10667194092827,1.9785527426160336,4.689249999999998,13.457,0.0469160526186509,0.0564655587254966,0.0736489516022682,0.306,8.811777396808651,52.1714,3
BR05,5476,0.0549642074506939,0.042351874524477,0.7705355264599988,0.13425,0.32,235.02434176406132,47.68720887704817,0.2029032759718178,0.0,267.728,0.3285244704163623,47.62799653031409,9.406258276061193,0.0,50.173,0.1243608473338203,0.603432980277575,1.6442499999999998,3.554,0.1600960677719614,0.1896163009116886,0.0199552511415525,0.071,10.037751050228312,68.72050000000006,0
BR06,7488,0.3096217948717949,0.2805651337922503,0.9061543419720304,0.925,2.394,242.09680742521363,40.0458442552396,0.1654125251842083,0.0,270.544,0.3199786324786324,48.26753472222222,7.780555162585479,0.0,50.41,0.1077724358974359,2.822769230769231,7.640949999999999,18.638,0.1295415566367164,0.1252673768049132,0.1545305195672499,0.5946999999999998,8.716383865366636,51.945600000000006,3
BR07,7344,0.1651932189542483,0.2367126726525101,1.4329442464467603,0.71,1.122,242.75234994553372,40.70540434031578,0.1676828436447632,0.0,269.21000000000004,0.3549836601307189,48.24592769607843,7.896394142646823,0.0,50.371,0.1086601307189542,1.4138105936819172,5.69485,9.074000000000002,0.0142578311000138,0.0203729771286991,0.0384579871986926,0.25,8.80052172136729,52.57369999999997,0
BR08,7584,0.1677776898734177,0.1996693149031083,1.1900826328801626,0.702,0.951,241.58642892932488,40.87200142664295,0.1691816945503999,0.0,312.27,0.3523206751054852,48.22423668248945,7.92641837680026,0.0,50.276,0.1061445147679324,1.6258175105485233,6.10685,8.675,0.0102868056269731,0.0053407084024307,0.0465368587630225,0.258,8.90034313596202,52.68089999999994,0
BR09,4704,0.1057693452380952,0.0664836318356553,0.6285718389009162,0.2528499999999994,0.573,248.92998575680275,37.02136690983238,0.1487220062993984,0.0,311.162,0.4141156462585034,48.70324277210885,6.9804923933894845,0.0,51.364,0.0778061224489796,1.3644844812925172,2.600699999999999,5.679,0.2612578993972114,0.2189543210660164,0.0260174356793536,0.1399999999999999,6.461245800552838,26.864900000000013,0
BR10,6816,0.1358984741784037,0.1068412043916204,0.7861839879921114,0.332,0.6900000000000001,235.55353638497652,52.06377909038641,0.2210273719062152,0.0,268.367,0.3271713615023474,47.17419762323944,10.172536505453124,0.0,50.271,0.1402582159624413,1.3028575410798122,3.24325,7.467,0.1553749395971174,0.19197171465547,0.0448517975055025,0.186,11.402650623624355,75.44279999999996,0
BR11,6672,0.1203547661870503,0.1258844276006459,1.045944681617358,0.243,1.152,239.3040403177458,32.58631098770557,0.1361711692975921,0.0,304.745,0.2633393285371702,48.71157269184653,6.298430982670479,0.0,50.262,0.0986211031175059,1.279336330935252,2.3683499999999995,10.59,0.0295364312375724,0.0334914203220168,0.0571713386298905,0.19,8.112489431869285,49.15300000000002,0
BR12,7152,0.2345978747203579,0.2702134913934092,1.151815598140031,0.883,1.263,241.22750643176732,35.216185210818104,0.1459874362245634,0.0,300.18600000000004,0.2003635346756152,48.53832606263983,6.858366651710862,0.0,50.256,0.1079418344519015,2.025910514541387,7.481349999999998,10.361,-0.0122071306603387,0.0045197979324589,0.0732243042931058,0.474,8.335429590267097,50.07849999999999,3
BR13,7152,0.1020248881431767,0.0927677886790709,0.9092662620603436,0.2494499999999998,1.605,240.6696875,36.28431582438336,0.1507639628458958,0.0,307.577,0.18498322147651,48.477646812080536,7.038003111579889,0.0,50.455,0.1072427293064876,0.9010005592841164,2.3229,14.574000000000002,0.0501861408666637,0.094074281192952,0.0298253391134107,0.1185,8.707899594462313,50.825,0
BR14,6528,0.0834702818627451,0.0598421398075728,0.716927491702672,0.182,0.587,243.44994178921567,34.2120205986791,0.140530001146193,0.0,274.747,0.2852328431372549,48.63384681372549,6.587135430902331,0.0,50.265,0.1024816176470588,0.7970957414215687,1.6652999999999991,4.62,0.0780902741706925,0.0754362919179216,0.0227468975026811,0.071,8.226092079056228,50.938300000000005,0
BR15,7152,0.1403815715883668,0.109317433071863,0.778716407253286,0.323,1.03,244.02982088926177,35.25954851418371,0.1444886874304765,0.0,309.16700000000003,0.3034116331096196,48.614428131991055,6.656449397929722,0.0,50.27,0.1027684563758389,1.2298819910514542,2.742,8.144,-0.0015676354451611,0.041324027152701,0.0380439099426653,0.154,8.372585372675152,51.135000000000005,0
BR16,6528,0.0175958946078431,0.0184755291386606,1.0499908956277475,0.048,0.195,229.83981816789216,39.61548283561925,0.1723612694762974,0.0,267.525,0.2590379901960784,47.68219071691177,8.02231755663881,0.0,50.254,0.1686580882352941,0.2019640012254902,0.587,1.611,0.1265697670326942,0.1360619635117445,0.0064440018385169,0.025,14.234384556457792,88.37159999999993,0
BR17,6682,0.0419943130799161,0.0673433896792961,1.6036311762295072,0.1629499999999998,0.962,230.0029993847484,39.50619477482756,0.1717638243001418,0.0,299.456,0.2662376533971864,47.63500906248961,7.90677612378409,0.0,50.264,0.1715055372642921,0.0727170008979347,0.462,8.651,0.0101907070627854,0.0290660376432253,0.0142775033677593,0.059,14.16158748690316,83.20400000000004,0
BR18,7104,0.2857882882882883,0.2725254393708297,0.9535920488663282,0.876,1.685,230.7298994932432,38.72216033946499,0.1678246314175634,0.0,269.10900000000004,0.2798423423423423,47.752808699324326,7.747838587765433,0.0,55.54600000000001,0.1692004504504504,3.082033643018018,8.542699999999998,17.282,0.024165542118804,0.0524180148997797,0.1289791637336337,0.546,14.186582429959174,91.7173999999999,3
BR19,7248,0.0574169426048565,0.0709662480479608,1.235980963604257,0.188,1.063,234.19537996688743,39.08235681271146,0.1668792818126355,0.0,290.805,0.1993653421633554,47.73919936534217,7.781509098497248,0.0,50.268,0.1670805739514348,0.6149225993377483,1.9942999999999995,8.931000000000001,-0.0405243106050799,0.0056048761262487,0.0235134538429695,0.102,14.187062370636124,83.63059999999986,0
BR20,5232,0.0314648318042813,0.0816633070809025,2.595383556755286,0.144,1.274,231.2399998088685,38.63505719081376,0.1670777427034578,0.0,291.183,0.2138761467889908,47.72023107798165,7.778215471530069,0.0,50.267,0.1731651376146789,0.0863281727828746,0.06,11.11,-0.0014148296471283,0.033007630153624,0.0149489581341999,0.0734999999999999,13.938780347925828,77.0835,0
BR22,4176,0.1359166666666666,0.107346877438556,0.7897992208845329,0.27625,1.018,239.83294468390807,35.68900910045708,0.1488077842995841,0.0,268.555,0.1561302681992337,48.15112212643678,7.055905668672258,0.0,50.184,0.1355363984674329,1.5521135057471265,3.06025,8.764,0.1018644719587575,0.1390627263017376,0.0376536526946107,0.1268999999999991,11.93737125748503,75.4825,0
BR23,7104,0.2942166385135135,0.2634436417630463,0.895407014008646,0.9418499999999994,1.218,246.95887274774773,33.003944068705465,0.1336414590068882,0.0,282.73,0.3844313063063063,48.81611739864865,6.249395806922647,0.0,50.27,0.0920608108108108,2.482998310810811,7.671549999999998,10.269,0.0537535728148778,0.0116096162061986,0.069788680839082,0.3148999999999995,7.182527805152754,42.13459999999993,3
BR24,7104,0.3134957770270269,0.3197579045748928,1.0199751575834657,1.084,2.031,239.05798747184684,33.43735398776655,0.1398713104773559,0.0,308.472,0.2157939189189189,48.83251097972974,6.472611736625922,0.0,50.365,0.0831925675675675,2.718237612612613,9.363599999999993,17.993000000000002,-0.0668286771369881,-0.0489694179168837,0.1146180487118119,0.4918999999999996,6.791158946923835,26.40990000000002,3
BR26,7872,0.3212520325203252,0.1916993686584087,0.5967257768128832,0.661,0.952,225.9904373729675,33.26650689113282,0.1472031616817079,0.0,250.541,0.5213414634146342,48.64011864837398,6.957723380109548,0.0,50.269,0.0948932926829268,2.8662267530487804,5.86945,8.884,0.0696119662779203,0.0967330486090338,0.0648565620632702,0.2065,7.636254859611231,44.508,3
BR27,5722,0.0205891296749388,0.0205044793425877,0.9958885910338334,0.056,0.176,219.0477823507709,44.78829821219755,0.2044681654912902,0.0,295.583,0.5877315623907725,47.4383741795798,8.948866306073572,0.0,50.324,0.1562390772457182,0.2971911433453726,0.7769499999999997,2.399,-0.1170788914039698,-0.0471529907834871,0.0061844083202237,0.031,13.848801646953715,87.08,0
BR28,7872,0.1569907266260162,0.0781206715568154,0.4976132873307523,0.295,0.486,226.70082583841463,36.49721863530987,0.1609928790525181,0.0,294.821,0.4696392276422764,48.462769181910566,7.491520968467544,0.0,50.266000000000005,0.0987042682926829,1.532130462398374,2.954,5.0920000000000005,0.1177518491715744,0.1658725900820227,0.0307330707661034,0.102,7.841398424596621,43.21699999999999,0
BR29,7632,0.1454709119496855,0.1135617956157081,0.7806495064455644,0.329,0.719,222.3056269654088,33.93187592419395,0.152636154052339,0.0,291.064,0.6740041928721174,48.4804858490566,7.095251595195077,0.0,50.269,0.1086215932914046,1.356384827044025,2.9859,6.458,0.0846937720943587,0.1098297043091614,0.0307528502162233,0.1099999999999999,8.915623378325252,50.116,0
BR30,4272,0.0508813202247191,0.0457292962862165,0.8987442952394219,0.1374499999999998,0.298,235.42391970973785,28.959536002879915,0.1230101683745012,0.0,287.817,0.2116104868913857,49.059591760299625,5.697579637330672,0.0,50.179,0.0695224719101123,0.4621769662921348,1.185,12.810999999999998,0.0178096929805808,0.0303163537145687,0.0119894638258019,0.048,6.0816553500351205,24.610500000000016,0
BR31,7632,0.3099731394129979,0.3326865560561047,1.073275435046145,1.0108999999999997,2.366,228.10562735849055,35.91332138029066,0.157441628232386,0.0,250.822,0.3532494758909853,48.47088338574424,7.494464502626678,0.0,50.267,0.0974842767295597,2.7797422693920333,8.85425,20.277,0.0512367864808086,0.0638981998958142,0.1674509238631896,0.6739999999999999,7.766608046127637,45.69000000000001,3
BR32,6432,0.1533801305970149,0.1170299037845906,0.7630056339700907,0.366,0.726,211.21744916044776,80.06054540815965,0.3790432358992415,0.0,316.839,0.599502487562189,42.38985105721393,15.667152058193986,0.0,50.224,0.2898009950248756,1.481798041044776,3.641000000000001,6.559,0.345881836815593,0.4208395451410661,0.0569295599440211,0.2139999999999999,29.280862696314728,163.253,2
BR33,6576,0.0702446776155717,0.0631342119370715,0.8987757376094212,0.196,0.392,202.205849756691,76.12149414360866,0.3764554499051519,0.0,313.999,0.5635644768856448,42.4288371350365,15.621955530732809,0.0,50.391000000000005,0.2884732360097323,0.8702895377128954,2.4735,6.21,0.287490206497409,0.3688700891477513,0.0268223574144486,0.106,28.310334752851716,155.7355999999999,1
BR34,6459,0.0876477782938535,0.1432337950763346,1.6341976700894785,0.198,1.281,217.88970052123656,81.04387913444981,0.3719491051691582,0.0,309.49,0.6668214893946431,42.47624109339251,15.641327548220085,0.0,50.695,0.2890540331320638,0.7597993153394919,1.642,10.534,0.1627067066277619,0.1803537253658118,0.0266763703933106,0.117,29.6275876432332,169.42734999999988,1
BR35,6768,0.2016346040189125,0.1777810686639957,0.8816991980568999,0.543,1.436,201.03184249408983,81.3671204422905,0.4047474242528649,0.0,327.60900000000004,0.5626477541371159,41.81530998817966,16.316563048670574,0.0,51.517,0.2953605200945626,1.923957890070922,5.3211999999999975,14.938,0.2365375444912205,0.2970205610322838,0.0876044037239544,0.343,28.2905640608837,154.4371,2
BR36,5856,0.1796808401639344,0.134130701193304,0.7464941786276597,0.445,0.759,202.7318761953552,76.88454765153675,0.3792425201917914,0.0,304.342,0.5124658469945356,42.653771345628414,15.61568584825847,0.0,50.263,0.2827868852459016,1.8510233948087436,4.5715,8.769,0.2911463160129838,0.3326169591554588,0.0632560204953031,0.248,25.939067634500425,150.255,2
BR37,6768,0.2405524527186761,0.1720448387412517,0.71520716915099,0.5016499999999996,1.964,220.69866445035464,82.7604997616736,0.3749932060884323,0.0,278.106,0.8057033096926713,42.402794621749415,15.71783375240562,0.0,50.221,0.2842789598108747,2.548220005910166,4.95065,15.229,0.5232929812396713,0.4700668891992134,0.077132702822521,0.328,29.97233116595242,177.0574,2
BR38,5616,0.2093441951566951,0.2611613345884459,1.2475212622588625,0.836,1.863,211.6774932336182,77.28387244070242,0.3651019825495002,0.0,298.989,0.3664529914529914,42.75832104700855,15.435680979301605,0.0,50.56,0.2681623931623931,1.7952818732193732,7.26075,16.369999999999997,0.2039306898523833,0.2235200803544386,0.0949342831700801,0.445,26.94484577025824,157.00180000000017,2
BR39,5472,0.0617088815789473,0.0643764422064453,1.043228147379162,0.188,0.312,225.97655281432748,83.37983400543364,0.36897559931336,0.0,283.54200000000003,0.8662280701754386,42.44661184210526,15.527408372398002,0.0,54.096,0.2889254385964912,0.5717081505847954,1.6752499999999992,2.79,0.3130082585096087,0.3347312634857133,0.0163681228294644,0.076,31.74872929994517,181.35,1
BR42,6048,0.0072010582010582,0.0400702325238765,5.564492246151845,0.0,0.753,204.75760648148147,64.45054361032844,0.3147650762178519,0.0,277.188,0.5949074074074074,44.752442625661374,13.259878077384531,0.0,50.633,0.2164351851851851,0.0693728505291005,0.003,7.162000000000001,0.0360892081382273,0.0410092914108048,0.0024216967091119,0.0,21.674257483049445,129.34830000000002,1
BR43,4752,0.0385999579124579,0.034834746901092,0.9024555669230228,0.098,0.195,202.39026683501683,65.89947440703195,0.3256059465584451,0.0,266.579,0.6087962962962963,44.50349768518518,13.647992131952602,0.0,50.18,0.2184343434343434,0.3709459175084175,0.92745,1.686,0.246488741088028,0.2859817321361364,0.0094184382235318,0.0469999999999999,21.409458219322243,128.261,1
BR44,6144,0.0286997070312499,0.056830426467988,1.980174445896176,0.158,0.726,228.2174396158854,68.55730892855442,0.300403461908712,0.0,279.068,0.5540364583333334,44.92942171223958,13.264046673740577,0.0,50.47,0.2014973958333333,0.2439116210937499,1.3378499999999995,5.891,0.0660276410210739,0.0828625975126956,0.0110750447664007,0.066,22.256148461663685,146.9586,1
BR45,6288,0.2980510496183206,0.3039565406317523,1.01981368970515,1.013,1.975,232.67810671119597,68.67754891843589,0.2951611988302777,0.0,319.608,0.6366094147582697,45.0641550572519,13.113500824129822,0.0,50.19,0.1940203562340967,2.455209764631044,8.353299999999999,17.654,0.179090032216689,0.1947538417195272,0.1011746460951169,0.442,21.752578813424524,149.94179999999997,2
BR46,5472,0.0507637061403508,0.0443060373383163,0.8727896504605004,0.126,0.432,226.8307849049708,70.31667756057647,0.3099961832342782,0.0,287.241,0.5299707602339181,44.71604203216374,13.68646141895731,0.0,50.185,0.1951754385964912,0.4286482090643275,1.02045,3.891,0.3350641530472151,0.3449026066005012,0.01742332297569,0.062,22.32312739901298,150.90200000000002,1
BR48,5712,0.0585385154061624,0.046227857409437,0.7896998598049615,0.142,0.284,212.77378501400565,64.19398005688453,0.3017006068330223,0.0,271.753,0.564250700280112,45.09082755602241,13.02743383975364,0.0,50.188,0.1994047619047619,0.5516612394957983,1.3850000000000002,2.598,0.1740933323684808,0.2102623364522586,0.0148373314655927,0.06,20.866732621257224,134.37150000000003,1
BR49,5424,0.156537610619469,0.1313402945483646,0.8390334695196218,0.4258499999999994,1.118,253.31338071533924,37.31755647861642,0.1473177467895073,0.0,315.8,0.7409660766961652,48.54363034660767,6.958780957237706,0.0,53.878,0.0940265486725663,1.401220685840708,3.760699999999999,9.625,0.0510599494259337,0.0633869394233847,0.0480400147519823,0.223,8.747102710676748,53.79439999999999,0
BR50,4560,0.0990315789473684,0.105752459466355,1.067866034152182,0.279,0.936,252.60967850877196,36.8032224000921,0.1456920519330541,0.0,312.886,0.6822368421052631,48.61735460526315,6.848931395276657,0.0,50.558,0.0875,0.9949605263157896,2.8451000000000004,6.715999999999999,0.0591480049823735,0.0722689614921241,0.0447795569203772,0.2070999999999995,8.182174380346568,52.5392,0
BR51,4656,0.2042581615120274,0.1439342116769162,0.7046681053596032,0.492,1.276,251.6738058419244,36.01305796790782,0.1430941843448241,0.0,273.907,0.6645189003436426,48.63971176975945,6.789504725805778,0.0,50.285,0.086340206185567,1.8293303264604808,4.16075,11.47,0.0682703425517505,0.0878201388263077,0.0615813104189044,0.251,8.045137701396348,51.87420000000001,0
BR52,5280,0.1327456439393939,0.1389644783244757,1.046847747319837,0.401,0.8109999999999999,236.67083615319865,42.111501362535485,0.1779327865106135,0.0,272.442,0.5386363636363637,47.94935837542087,7.996305844258211,0.0,50.257,0.1454545454545454,1.358277840909091,3.7361,7.093999999999999,-0.1239453040494018,-0.0981677863185233,0.0335669634400454,0.1490999999999994,11.637705247205911,76.15889999999993,0
